id	title	txt	datetime	source	web	batch
202005121545321	世卫组织专家：人类传染病疫情中应慎用“群体免疫”这一术语	新华社日内瓦5月11日消息，世界卫生组织专家当日警告，“群体免疫”这一术语来自兽医流行病学领域，在应用于新冠肺炎这样的人类传染病时应格外谨慎，避免置个人生命和痛苦于不顾。世卫组织卫生紧急项目执行主任迈克尔·瑞安在当天的例行记者会上解释说，在畜牧业中用到这一术语并做相关决定只是从“残酷”的经济学角度出发，个体动物的状况并不在考虑范围之内。将“群体免疫”这一术语应用到人类传染病相关场景时应格外谨慎，因为这可能导致无情的计算，这种计算不会将个人的生命和痛苦置于算式之内。他说，“群体免疫”这一概念主要被用来计算人口中需要有多少人接种疫苗，才能达到相应的免疫效果。当某一群体中约60%至70%的成员被感染并康复，疾病暴发的几率就会大大降低，这就是所谓的“群体免疫”效果。瑞安说，目前基于血清抗体检测得出的流行病学研究初步结果显示，新冠病毒感染者人数占总人口比例并没有那么高，并不是有些人想象的那样：世界上多数人都被感染了，疫情很快会结束，一切可以恢复正常了。实际上，疫情结束还远得很。那些抗疫措施不足或没有采取任何措施的国家，如果以为以牺牲一些老年人为代价，就会突然神奇地达到“群体免疫”的效果，“这是非常危险的计算”。他表示，相信世卫组织大多数成员都不愿意做这样的计算。负责任的国家会珍视社会里的每一个成员，尽全力保护所有人的健康，同时保障社会、经济等其他领域稳定。（原题为：《世卫组织专家：人类传染病疫情中应慎用“群体免疫”这一术语》）(本文来自澎湃新闻，更多原创资讯请下载“澎湃新闻”APP)	2020-05-12 15:31	新华社	pp	20200512154532
202005121545322	俄罗斯外贝加尔边疆区疫情限制措施延至5月25日	中新网援引俄罗斯卫星网5月12日报道，俄罗斯外贝加尔边疆区政府新闻处发布消息称，延长该边疆区新冠疫情限制措施至5月25日。消息中称：“基于俄消费者权益保护和公益监督局外贝加尔边疆区分局的建议，决定延长边疆区限制措施至5月25日。如果疫情恶化，措施将延长更长时间，如果疫情有所改善，边疆区将逐步取消限制措施。”据外贝加尔边疆区防止新冠病毒传播协调指挥部消息，该边疆区将逐步取消限制措施的依据是，有空床可用于治疗新冠病毒患者、居民新冠病毒检测数据和死亡率等。截至当地时间5月11日，外贝加尔边疆区累计新冠病毒感染确诊病例364例，其中41例为儿童；累计治愈115人。另据俄新冠病毒疫情防控指挥部11日消息，过去24小时，俄罗斯新增新冠病毒确诊病例11656例，累计感染者超过22.1万人。（原题为《俄外贝加尔边疆区疫情限制措施延至5月25日》）(本文来自澎湃新闻，更多原创资讯请下载“澎湃新闻”APP)	2020-05-12 15:30	中国新闻网	pp	20200512154532
202005121545323	前美驻华大使：美反华言论过火，重走麦卡锡主义和希特勒老路	央视新闻5月12日消息，美国前驻华大使马克斯·鲍克斯（Max Baucus）周一接受CGTN主持人刘欣采访时指出，美国政府中一些人对中国的攻击十分过火，让人联想起历史上的麦卡锡时代。上世纪50年代，美国参议院约瑟夫·麦卡锡曾通过煽动性的言论，四处散布红色恐慌，煽动公众对共产主义的仇恨，迫害共产党人。鲍克斯还将美国当下的对华舆论攻击与希特勒时期相比较，认为这些言论将挑起中美两国人民之间的相互敌视，导致双边关系进一步滑坡。 （原题为《前美国驻华大使：美国反华言论过火，重走麦卡锡主义和希特勒老路》）(本文来自澎湃新闻，更多原创资讯请下载“澎湃新闻”APP)	2020-05-12 15:28	央视新闻	pp	20200512154532
202005121545324	荣盛发展拟分拆物业上市，5家物管公司正排队等待上市	伴随着房地产行业进入存量时代，物业管理发展成为房企新的盈利点，越来越多的房企筹划分拆旗下物业管理公司上市。5月11日，荣盛房地产发展股份有限公司（002146.SZ）发布“关于分拆所属企业到境外上市”的公告称，公司董事会审议通过关于公司拟分拆所属荣万家生活服务股份有限公司（简称“荣万家”）到境外上市的相关议案。公告显示，荣万家成立于2000年11月，注册资本2.58亿元，荣盛发展、河北中鸿凯盛投资股份有限公司分别持有其91.2%和8.8%的股权。荣万家的主营业务为物业管理服务、非业主增值服务及社区增值服务数据显示，截至2020年3月末，荣万家合并报表口径资产总额16.41亿元，负债总额12.04亿元，净资产4.37亿元；2020年1至3月，荣万家实现营业收入4.05亿元，利润总额6765.06万元，净利润5073.79万元。对于此次境外上市的方案，荣盛发展表示，荣万家拟发行境外上市外资股（H股）股票并申请在香港联合交易所有限公司上市，拟发行比例不少于发行后荣万家总股本的25%，并授予承销商不超过上述发行的H股股数15%的超额配售权。上市募集资金拟用于市场及业务拓展、收购兼并、社区生活服务、提高业务信息化水平、补充营运资金及一般公司用途等。伴随着房地产行业进入存量时代，物业管理发展成为众多房地产企业新的盈利点，物管（物业管理）分拆或上市也成为房企的一大选择。据不完全统计，截至目前，有5家物业管理公司已递交IPO排队等待上市，包括弘阳服务、金融街物业、宋都服务、星盛商管、正荣服务。河南富豪胡葆森实际控制的建业新生活则预计将于5月15日正式在港上市。同时，阳光城、合景泰富、禹洲地产、佳源国际、华润置地、朗诗地产、卓越集团、越秀地产、世茂房地产等9家房企筹划分拆物业上市。而在去年，已有多家物业管理公司成功在港上市。据不完全统计，2019年共计9家房企分拆物业赴港上市，包括滨江服务（03316.HK）、奥园健康（03662.HK）、和泓服务（06093.HK）、鑫苑服务（01895.HK）、蓝光嘉宝服务（02606.HK）、银城生活服务（01922.HK）、保利物业（06049.HK）、时代邻里（09928.HK）、宝龙商业（09909.HK）。克而瑞物管研究报告指出，目前国内的物业管理行业正处于跑马圈地的阶段，如此竞争激烈的市场环境下，物业服务企业要想在市场上立足，就需要占领市场份额，扩张自身规模。目前规模较大的物业服务企业主要有两方面特征：一方面有房地产开发背景且房地产开发能力较强的物业服务企业，在管理规模上占有较大优势；另一方面物业服务企业的管理方向已从住宅延伸至写字楼、商业、园区、医院、公建等各类非住宅领域。也有物业服务企业通过股权合作、收并购的方式快速扩张规模。据克而瑞不完全统计，2019年全年有数十起收并购事件，金额超过50亿元，预计经收并购获取的管理面积在5亿平米以上。其中雅生活以超过20亿元的投入，成功收购中民物业和新中民物业各60%的股权，成为全年最大的并购案例。克而瑞认为，规模将是成长型企业的现阶段的重点突破方向，预计2020年管理规模1亿平米以上的企业将突破20家。(本文来自澎湃新闻，更多原创资讯请下载“澎湃新闻”APP)	2020-05-12 15:27	澎湃新闻	pp	20200512154532
202005121545325	韩国“N号房”创始人首次露面承认嫌疑，向受害者道歉	中新网5月12日消息，据韩媒报道，12日，韩国“N号房”的运营者也是创始人文某（昵称：godgod）被警方拘捕后首次露面，前往法院接受拘捕令实质审查。他承认自己的嫌疑并向受害者道歉。当地时间5月12日上午，他戴着帽子和口罩，穿着运动服从安东警察署出来，乘坐警车前往大邱地方法院。无论是出发时还是到达法院时，面对“是godgod吗”的提问，他没有作答。拘捕令实质审查约进行了30分钟后结束。审查结束后，面对“是否承认嫌疑”的提问，文某回答“承认”。而对于“有没有话要对受害者说”的提问，他两次说“对不起”。韩国警方计划，一旦签发拘捕令就举行公开身份委员会，商讨是否公开文某的个人资料。据报道，文某涉嫌制作包含未成年人的女性性剥削视频，并上传至Telegram聊天室。韩国庆北地方警察厅从去年7月开始对其进行追踪。今年5月9日，庆北地方警察厅传唤文某进行了约10个小时的调查，在调查过程中获取了文某的自白，以违反儿童青少年性保护法的嫌疑对其进行紧急逮捕。据此前报道，韩媒不久前曝光系列网络性犯罪事件，统称“N号房”案。有人在即时通讯软件Telegram上开设的加密聊天室内，上传分享非法拍摄的性剥削视频和照片，只有付费成为会员才能观看。该平台可设置私密聊天、阅后定时删除信息等，支持虚拟货币交易。“N号房”由多人运营，其中最引发关注的是昵称为“博士”，实名为赵主彬的人。他从去年起，在“博士房”上传大量涉嫌性犯罪照片，并勒索受害人。赵主彬于3月25日被移送检方审查起诉。韩国检方4月13日以涉嫌14项罪名为由，对赵主彬进行拘留起诉。同时，对其共犯姜某和李某也进行了起诉。（原题为《韩“N号房”创始人首次露面承认嫌疑 向受害者道歉》）(本文来自澎湃新闻，更多原创资讯请下载“澎湃新闻”APP)	2020-05-12 15:27	中新网	pp	20200512154532
202005121545326	上海护士共9.71万人，男护士占2%	5月12日，上海举行新闻发布会。目前上海拥有护士9.71万人，本科及以上学历占37.76%；男护士约占2.1%；35岁以下人员占59.64%。	2020-05-12 15:26	澎湃新闻	pp	20200512154532
202005121545327	林郑月娥：期望立法会优先处理国歌法等草案	新华社香港5月12日消息，香港特区行政长官林郑月娥当日表示，特区政府政务司司长张建宗等官员已就多项法案恢复二读辩论一事，向现任立法会内务委员会主席李慧琼投递信件，按照议事规则咨询对方有关事项。其中，国歌法等草案的审议工作已经延误很长时间，希望立法会可以优先处理。林郑月娥当日出席行政会议前指出，特区政府及警方尊重言论及新闻自由，希望警方与传媒相互尊重，共同探讨如何改善采访等事宜。防疫期间订立的相关规例由执法机构负责执法。如果有市民认为执法机构在执法过程中存在偏差，可以进行投诉，政府将依法处理。林郑月娥对“香港再出发大联盟”日前发表的共同宣言表示欢迎。她指出，当前香港面临严峻局面，不能再这样下去了。不论在改善民生、重视法治还是其他层面，香港社会都要重新出发。特区政府不会参与大联盟的工作，相关工作应该由民间主导，但如有需要政府愿意提供适当的支援。她还期望大联盟协助特区政府一同呼吁大小商铺业主减免租金，帮助业主与商户共渡难关。（原标题《林郑月娥：期望立法会优先处理国歌法等草案》）(本文来自澎湃新闻，更多原创资讯请下载“澎湃新闻”APP)	2020-05-12 15:26	新华社	pp	20200512154532
202005121545328	教育部：近期将出台教育系统核酸检测人员范围和技术指南	央视新闻5月12日消息，随着全面复课复学，教育系统疫情防控面临新的挑战。在今天（12日）教育部召开的新闻发布会上，教育部应对新冠肺炎疫情工作领导小组办公室主任王登峰表示，首要任务就是精准把握防控要求，细化量化复学方案，努力实现最大限度复学，最严标准防控。据介绍，教育部将从精准分类、细化开学和防控的措施、强化条件保障、加强培训等方面把紧疫情防控关口。精准分类，是指对海外回国人员、治愈出院人员、无症状感染者和高风险地区人员要做到精准分类，确保开学以后进入校园的每一个人都是健康的。教育部应对新冠肺炎疫情工作领导小组办公室主任、体育卫生与艺术教育司司长王登峰：就无症状感染者本身来讲，最近教育部也正在跟卫健委联合制定关于教育系统核酸检测人员范围和技术办法。目前各地根据各地的情况，也都采取了不同措施，比如有的地方，所有返校的师生员工都要进行核酸和抗体的检测。有的地方是对部分来自高风险地区和海外回来的，以及有过跨境、跨省旅行史的人进行核酸检测。这里面，如何在全国形成一个相对统一的指导性意见，近期教育部和卫健委将会做出这样一个技术指南。此外，要从教室、宿舍、食堂、操场、校园的医务室，以及学生上下学的过程和师生的接触史等多方面细化各项防控措施，要尽快建立和完善师生健康状况日报告制度和出现缺课缺勤的跟踪制度。各地各校都已经制定了详细快速有效的应急预案，每一个学校都跟附近的医院有定点的联系，一旦出现异常情况，能够确保出现问题的同学和周围的同学都能够安全。（原题为《教育部：近期将出台教育系统核酸检测人员范围和技术指南》）(本文来自澎湃新闻，更多原创资讯请下载“澎湃新闻”APP)	2020-05-12 15:25	央视新闻	pp	20200512154532
202005121545329	初三学生收到开学“红包”：甜到心里	5月10日，山东枣庄。初三开学，某中学千余名学生收到老师送的贺卡和“红包”。贺卡是老师写得祝福语，每个学生都不一样，“红包”内装着3个棒棒糖。有学生称甜到心里。	2020-05-12 15:25	澎湃新闻	pp	20200512154532
2020051215453210	金陵东路简史 | 160年的城区演变	申知沪志 方志上海关于金陵东路的话题已经持续了近十年。何去何从，它的命运牵动着很多上海市民的心。2015年，一则【金陵东路紫金路里弄正在动迁，历史悠久的“骑楼”已被刷上“拆”字】的消息不胫而走，网络社交媒体上各种意见纷纷扬扬。其后，市规土局与黄浦区都予以澄清，明确“不会拆除”，后期将“结合城市更新，确定具体保护方案”。2019年8月3日，黄浦区金陵东路地块旧城区改建房屋征收项目在光明中学举办了居民咨询会。12月3日，“黄浦区人民政府房屋征收决定（金陵东路地块）”发布，范围涉及：“东至松下路，南至金陵东路，西至浙江南路，北至宁海东路。”2020年1月6日是金陵东路旧改地块第二轮征询正式签约的第一天，有2102证居民完成签约，签约率达99.2%，创黄浦区旧改首日签约新纪录。东起中山东二路，经永安路、四川南路、溪口路、永胜路、江西南路、紫金路、河南南路、金门路、松下路、山东南路、盛泽路、福建南路、浙江南路、永寿路、广西南路、云南南路，西迄西藏中路，全长1402米，金陵东路已走过整整一百六十年。曾经熙熙攘攘的闹市已显寂寥，斑驳的骑楼像极了一位饱经沧桑的老人，默默注视着浦江对岸高楼林立的陆家嘴。2012年，金陵东路外滩东望陆家嘴图片摄影 | 席闻雷大马路的诞生1847年5月20日，法国海港勒阿佛尔。一艘名为“Le Duguay Trouin”的双桅横帆船正准备起航驶向遥远的亚洲。登船旅客之中一位四十余岁的中年男子并不那么显眼，他的身份是前法国海军军官、法国外交部随员，目的地是当时被称为Chang-hai （法语中“上海”早期的拼写）的地方，一座对于绝大多数欧洲人完全陌生的城市。他就是法国驻沪首任领事敏体尼（Louis Charles Nicolas Maximilien Montigny），一位下布列塔尼省的天主教徒后裔。1842年，英国强迫清廷签下丧权辱国的《南京条约》，1843年上海等五口被迫开埠。1844年，法国也胁迫清廷签下《黄埔条约》，又称《中法五口通商章程》。从那时起，许多法国人陆陆续续在权力、金钱和上帝的合力驱使下，来到了黄浦江畔。敏体尼以及他的著作《中国的开放》敏体尼于1848年1月抵达上海。当时以英国人为主的外侨社群已在上海经营近6年。英租界以南1公里多的地方就是上海县城。到达上海的第三天，敏体尼就和意大利人、江南教区助理主教赵方济（Francois Xavier Maresca）商妥，在洋泾浜和县城之间的地界上租了一处房屋，建立领事馆。此地块原为上海县城北门外张家祠堂，为上海道台补偿县城内耶稣会老天主堂用地，后由法籍主教罗伯济（Lodovico Maria Besi 又名罗类思）使用，并建有三幢小楼。敏体尼花了两个月的时间进行修理，1848年4月，法国三色旗在领事馆升起。而赵方济则在旁建造供外侨使用的小教堂，这也可视为现今四川南路洋泾浜圣若瑟堂的前身。1848年7月，一位名叫雷米（Pierre Dominique Rémi）的法国商人从广州来到上海，向领事提出了租赁土地的要求，敏体尼据此于8月6日照会上海道台吴健彰，提出设立租界的要求。1849年1月，根据上海道台签署的地契，雷米获得“两亩三分六厘”，大约1500平方米的土地，这也是法侨在上海获得的第一块“永租”土地合同。1851—1853年上海法租界地图，出自梅朋的《上海法租界史》（Charles B. Maybon：Histoire de la concession française de Shanghai）。为了便于读者理解，小编在原图上简单标注了一下。1：1848年4月，敏体尼最早的领事馆。2：雷米的第一块租地。3：稍后领事馆搬迁的位置，1867年建造的第一代领事馆基本上也是在这个位置。旁边的红色箭头基本上就是公馆马路修筑的位置 （注：此图为上西下东）由北华捷报编纂的上海第一本年鉴 Shanghai Almanac and Commercial Guide for the year 1852 （《上海年鉴1852》）中有关敏体尼及其两位随从的记载此后，天主教会在雷米的租地附近也租了2公顷土地，并造了一些建筑。1849年4月6日，由上海道台麟桂和法国领事敏体尼签字换文，并由麟桂贴出布告：“本道台会同法国领事敏体尼勘定上海北门外一处地：南至城河，北至洋泾浜，西至关帝庙诸家桥，东至广东潮州会馆沿河至洋泾浜东角，注明界址……”这片夹在上海县城和英租界之间的狭小地块便是最初的上海法租界。此后，法国领事馆从原租用的教会房屋中搬迁至偏东一些的民房中。在黄浦江畔，法国人保留了一块宽约100米的区域，以备用于规划中的港口和沿江道路，这也是“法兰西外滩”（Quai de France）的雏形，如今的中山东二路。1853—1855年爆发小刀会起义，大量民众为躲避战火涌入租界，开埠后“华洋分居”的格局被打破，这也客观上成为租界发展的推动力。战乱使得很大一部分本地百姓的房屋遭到破坏，从东门到法租界南端的一大片土地被夷为平地，这也为租界当局趁机掠地提供了便利。1856年初，鉴于当时区域内外国人租地面积已达185亩，法租界便召开了第一次租地人大会，筹划共同出资建造公共市政工程。1857年3月11日，当时的领事爱棠（Benait Edan）再次主持召开法租界租地人大会，并决定成立法租界道路管理委员会，修筑道路费用由租地人按产业价值纳税支付。其后，道路管理委员会做出的一个重要决定便是在法国领事馆南侧辟筑道路。也是由于其位置的缘故，该路定名“公馆马路”（法语：Rue du Consulat，字面意为“领事馆路”），又称为“法大马路”（Rue principale）。1860年辟筑的公馆马路仅从法租界外滩至天主堂街（今四川南路），这也是现今金陵东路最早的形态。1862年，法租界行政机关——公董局成立。最初的下属机构仅为巡捕房和道路管理委员会。筑路等市政工程仍然按照之前的计划进行。在6月4日的一次会议上，公董局董事会宣布向西延筑公馆马路的决定。1865年，租界当局公馆马路延筑至老北门街（今河南南路），此处恰好是1864年新建的法租界公董局大楼的位置（1934年6月，公董局迁离公馆马路，原址改建为十层大楼，赉安洋行设计，1935年年底大楼建成，由麦兰捕房使用，该建筑现为黄浦区公安局使用）。其后公馆马路又继续向西延伸至周泾。1865年上海法租界地图（1870年绘制）。图中小编做了简单标注。红圈为法国领事馆，红线为公馆马路，黄圈为公董局大楼资料来源| 大英博物馆1867年，新建的法国领事馆落成于临近“法兰西外滩”的公馆马路2号。随着周边一些商行及教会屋宇的兴起，这个路口渐成闹市。1867年3月6日，法租界第一批、169盏煤气灯将公馆马路、天主堂街等道路照亮，周边街区也开始了快速发展。1867年建成的第一代法国领事馆东立面图片来源 | Dona-rodrigue.ekla blog1881年的外洋泾桥南望法兰西外滩及法国领馆，这个位置基本上就是现今中山东路延安东路口图片来源 | Royal Collection Trust1900年前后，法租界当局填埋周泾，修筑敏体尼荫路（Rue du Montigny，今西藏南路），而这也是当时法租界的西界。由此，公馆马路完成了法租界东西向的贯穿，成为了真正意义上的“大马路”。骑楼街市的崛起1867年建成的第一代法国领事馆由于地基沉降等原因，房屋倾斜，部分结构开始出现严重的变形和断裂问题。1895年，不得不对其进行翻修，隔年完成。第二代领事馆大楼为文艺复兴风格，作为地标建筑，它的落成也带动了租界当局对公馆马路进行路政与两旁建筑物的改造工作。1895年，翻修改建中的法国领事馆（公馆马路东望视角）。图中可见领事馆其实包含多幢建筑。靠近外滩的为新建筑，也是就我们通常说的领事馆主楼图片来源 | Archives of the French Ministry of Foreign Affairs落成后不久拍摄的第二代法国领事馆主入口及东立面图片来源 | Archives of the French Ministry of Foreign Affairs注：此建筑一直保留到1994年，曾经是金陵中学的一部分。此后拆除，原地块建光明大厦20世纪早期的公馆马路外滩路口及法国领事馆建筑图片来源 | Archives of the French Ministry of Foreign Affairs1874年，租界当局将公馆马路拓宽至13.3米。1877年以1200吨花岗石重铺40英尺宽的路面， 1892年又拨银1500两筑成碎石路，1902年，路面再度拓至现今的15米的宽度。随着市政设施的日益完善，越来越多的商号、店铺开始在公馆马路落户，由东向西，并逐渐向各条相交会的小马路延伸。早在同治三年（1864年）公馆马路上已有雷米等4家洋行。19世纪70年代前后，公馆马路与宁兴街（今宁海东路）一带出现了上海近代第一座真正意义上的菜场，被称为“华洋菜场”或“中央菜场”。此后大康、东升、瑞丰、宝成洋货号、源源京货铺、包元和银楼、忠康福记洗衣作、钱万隆酱园、密采里饭店、鸿运楼、长兴、恒丰、天和客栈、新泰和呢羽、长丰拍卖行等相继出现。1898年1月27日《申报》一则“菜市迁移”的报道中写道“法界菜蔬食物，向在三茅閣橋南首及老北門大街一帶設攤售賣，至午前九點鐘後一律停止，是處係通衢要道，車馬往來絡繹不絶，法界捕頭爰傳諭，本年正月爲始，遷至菜市街，並令八仙橋西首之菜蔬攤，亦一倂移設彼處以成市集......”这里提到“菜市街”也是现今宁海东路的旧称1881年2月19日《申报》中刊登的鸿运楼酒楼迁新址消息。其中提到“从三茅阁桥南首迁往法大马路中市”1890年前后的公馆马路天主堂街路口望西北角，可见密采里饭店（Hotel des Colonies）。是当时上海仅次于礼查饭店的豪华住宿和餐饮场所。比较有趣的是，从小编掌握的资料来看，这家饭店很可能有东西两栋楼，以天主堂街相隔。东楼地块在20世纪30年代建成约克大楼，也就是现今的金陵大楼图片来源 | pastvu.com光绪年间，公馆马路洋行已增至33家，另有经纪人及委托代理人1家。19世纪80年代至20世纪初，各种商业形态不断向西延伸，街市繁荣兴旺，从外滩到西藏南路的两侧密布各类商号。据光绪三十二年（1906年）《上海华商行名簿册》载，公馆马路有商号192户，分属62个行业。其中钱业6户、银楼8户、铜锡业4户、玻璃店2户、颜料行1户、洋货铺28户、东洋货业5户、皮箱店3户、袜店2户、线带店3户、海味行3户、南货店7户、北货店1户、水果店1户、洋布店1户、布业2户、绸缎店1户、钟表店3户、衣业11户、皮货业5户、茶叶4户、茶食蜜饯铺4户、烟店6户、烟纸业7户、香烛店1户、酒业5户、鞋帽业6户、药业10户、杂业8户、糟坊4户、米坊2户、酱菜业3户、酱园1户、木器席业1户、藤椅店1户、漆业1户、麻业1户、熟货铺4户、火腿店2户、肉业3户、肉鸭业1户、质当业2户、押业4户、客栈2户、中西打字业1户、钻石业1户、煤炭店1户、报关行5户、帆船业1户、装船业1户、夹板公司1户、厢馆1户。 20世纪早期的公馆马路东望外滩20世纪早期的公馆马路（天主堂街路口）西望那么作为金陵东路最具特色的骑楼，又是什么时候开始出现的呢？目前较为流行的讲法是，这种建筑风格由广东移民带入上海。成书于1876年的《沪游杂记》中确实明确提到上海法租界的东端是闽广帮聚市之处：“法附城北隅，人烟凑密，惟街道稍觉狭小，迤东为闽、广帮聚市处……”但是，骑楼的出现是否与南粤移民有必然关联呢？骑楼的英文为Arcade，通常认为是“被覆盖的通道，特指一侧或两侧有商店的带拱廊的建筑。”敞廊建筑（也称回廊式、回廊式）在西方可以上溯到二千多年前的古希腊，其后扩展到欧洲各地。后来随着殖民主义的扩张，敞廊建筑又传到美洲、非洲、大洋洲和亚洲等地。敞廊建筑又被认为是近代骑楼建筑的来源之一。虽然近年来很多学者对东南亚地区近代骑楼的产生做过研究，但近代西洋形式的骑楼作为一种新的街道建筑形式的产生及传播过程至今未有定论。1822 年英国莱佛士（Stamford Raffles）爵士在新加坡推行“市区发展计划”， 为行人徒步和沿街立面统一的需要， 制定5 ft（约1.5 米）宽的“五脚基”（Five Foot Way）街道退缩和步行模式， 并在华人商业区中得到推广。1878年，香港政府为改善居住拥挤的情况， 颁布《骑楼规则》，准许在公用土地上（也就是在道路边上）进行骑楼建设，增加居住面积。在广州，骑楼作为官方策略最早出现在1889年。张之洞督粤时期，在修筑广州长堤时计划： “⋯⋯修成之堤一律坚筑马路以便行车， 沿堤多种树木以荫行人， 马路以内通修铺廊以便商民交易， 铺廊以内广修行栈鳞列栉比”。同时制订包括六尺铺廊在内的堤岸及马路断面设计。20世纪50年代，香港中环坚尼地骑楼图片摄影 | 何藩视线再转回上海。据《上海市政工程志》（P67）记载“民国13年3月，公董局公布《公馆马路拱廊条例》。民国16年，铺沥青混凝土路面。至民国23年，廊柱式建筑长度南侧为841米，北侧为532米，整齐的方形高柱林立成行，行人穿梭于骑楼下既可避雨又免曝晒，公馆马路成为上海别具风格的一条大街。”查询那一时期的报章，也得到了明确的线索。1926年3月25日《申报》刊发一则“公馆马路放宽办法”的消息。其中写道:“法租界公館馬路放寛辦法丶擬將路旁二面之屋丶於改造時丶下層留出一長廊丶俾行人往來丶天雨可以暫避丶目下已有數段實行丶將來全路兩面丶均有相連之長廊丶頗爲特別丶商店門面亦可改良不少丶工部局之地丶亦將改爲商店丶前面亦留長廊丶因將來工部局之新屋丶已指定在霞飛路法公學之地上興造丶明年可望完工丶又照原定計畫丶長廊寬度丶務必一律丶入夜廊下之燈丶歸工部局供給丶邊路可讓出爲馬路丶因此馬路可放寬不少云……”而这样的拓宽改造工程一直持续到20世纪30年代。1933年5月7日《申报》刊发的《法租界公董局通告》中就有公馆马路加宽工程的招标。其中涉及到“公馆马路吉祥街”“公馆马路郑家木桥街”和“公馆马路东新桥街”。也就是现今的金陵东路江西南路、福建南路和浙江南路。上海市地方志办公室编辑出版的《上海修志向导》（现名《上海地方志》）1992年第五期中刊发过一篇题为“怎样写《上海市政工程志》的城市道路”的文章，由《上海市政工程志》编纂室集体署名。其中对金陵东路骑楼风格的确定有较为详细的描述。我们在编写金陵路骑楼建筑这一段时，发现一个问题，《上海地名小志》《房地产报》《黄浦区地名志》等都说骑楼是“仿照法国式样”，但法国什么地方有这种样式的建筑，为什么要在这条路上仿照的理由，都没有交待，而且几家的说法互有矛盾。……后来，在局档案中找到一份1946年上海市政府法籍顾问雷米石写的“继续拓宽金陵东路宁海东路的建议”。他首先回顾了当年修建骑楼的情况，“随着汽车数量日益增多，此路已经太窄，难以安全行车了，拓宽两侧土地，要引起业主丧失土地，因而提出一个折中解决办法”。办法是，“维持道路与原有房屋的间距不变（50英尺），但每一房屋下要有廊柱式3.65米孔道留作行人之用”。这段追叙式的文字，对修建骑楼的原因、方法、时间、规格，以及当时法公董局有关此事的几次会议内容，都记叙得十分具体、详细，但只字未提“仿照法国式样”。从雷米石这段追述式文字来看，即使他没有亲历亲闻（已相隔20多年），但不可能没有查阅过有关档案而且是写在作为向当时市政府的正式建议里，因此这份资料应当说是较为可信的。至于是否“仿照法国样式”，他虽一字未提，却也不能断然否定，在未获确证前，断然否定或贸然肯定是不科学的态度。基于以上的这些史料，可以说，多年以来在众多媒体和文章中对金陵东路建筑风格来源的表述是不严谨的，“南洋骑楼”或是“法式骑楼”等提法至少是缺乏事实的依据。有一种可能的情况是，在法租界公董局订定相关文件之前，公馆马路两侧或许已有来自南粤或者南洋的移民自发建造骑楼，这可能也从某种程度上推动了当局制定出台相关市政文件。从这张19世纪后期拍摄的法兰西外滩公馆马路口西望的照片中可以看出，当时的法国领事馆还是第一代，路南侧已经出现了类似骑楼的建筑20世纪30年代的法兰西外滩公馆马路口西望，大片的骑楼已经建成图片来源 | Institut d'Asie Orientale金陵东路的骑楼街是当时法租界为解决交通拥挤、改善城市景观而促成的。公馆马路是霞飞路（今淮海中路）之前法租界最重要、繁华的街道，法租界的商业中心，而法领馆又建在其东端，街市的兴盛也是顺理成章的。骑楼街与殖民地外廊式建筑都是热带、亚热带地区适应暑热多雨天气的一种建筑形式，酷暑需要房间通风，还要在房间和外面灼人的热气之间有一个间隔，这样就产生了柱廊。虽然骑楼街有利于在天气多变的情况下保持街道的商业气氛，但是事实证明，它跟上海的气候不存在对应的关系。就像外廊式建筑一样，虽然在上海租界早期的建设中较为常见，但在20世纪初之后，丰富多彩的建筑风格取代了它。其中一个重要的原因就是，上海阴冷潮湿的冬季，让这种建筑形式的弊端尽显无疑。显而易见的是，骑楼和外廊式建筑在上海并不具备强大的生命力，所以也没有在后来的城市建设中被普遍应用。上海社科院历史学博士牟振宇在其所著的《从苇荻渔歌到东方巴黎——近代上海法租界城市化空间过程研究》一书中也写道：旧上海法租界公董局积极推动欧式建筑街景设计，在很多干道马路上实施中式房屋禁令，且规定所有新建房屋必须采用欧式建筑立面。不过，公馆马路柱廊计划，是法租界公董局对街道立面控制的一个特例。也正是因为这样的特例，使得金陵东路在上海有着无可替代的重要地位。据1918年《上海商业名录》载，当时公馆马路共有163户57个行业。1925年，商号文具仪器，金属材料，建筑材料，美术用品，酒楼，茶馆，有较大发展，形成特色，进出口业尤为兴旺。20世纪20年代随着霞飞路（淮海中路）的异军突起，公馆马路的地位受到了一定冲击，但仍然是租界内首屈一指的繁华闹市。20世纪30年代中后期，由于日寇发动全面侵华战争，华界南市老城厢一带广受殃及，许多商人和行号涌入租界避难，到1940年，公馆马路上已有商号256户，其中百货业36户、鞋帽业26户、绸布业15户、文化用品商店8户、烟酒业11户、五金电器业11户、饮食业9户、糖糕业9户、中药业14户、钟表店11户、果品业8户、服装店2户、酱园3户、服务业8户、席行2户、瓷器店3户、杂货店9户、桐油业1户、寿衣店1户、锡箔店1户、西药店1户、副食品业5户、烛店3户、银楼银行10户、洋行16户、船票局5户、邮局1户及其他商号27户。20世纪30年代，公馆马路街景图片来源 | University of Bristol - Historical Photographs of China1937年，公馆马路上的钱庄图片摄影 | Harrison Forman20世纪30年代，公馆马路朱葆三路口北望。朱葆三路也就是现今的溪口路。在老上海，朱葆三路可谓是臭名昭著，这里又被西方人称为“Blood Alley”，意为“血巷”。短短百米的小马路两侧布满酒吧，常年充斥着“烂水手”和各种斗殴图片来源 | Magazeta.com1946年，金陵东路航拍（西藏南路—河南南路，由西向东视角）图片来源 | Airspacemag1947年前后，金陵东路福建南路口东望图片来源 | FLICKR1943年10月8日，日伪上海特别市政府颁布训令（沪市四字第12468号）称“查本市一、八两区及以前越界筑路路名多用西文，兹者租界收回，亟应更正，以肃视听，现经制定更正路名表，着自本年十月十日起一律改用新名。”也就是从那时开始，公馆马路正式更名为金陵路。抗战胜利之后，金陵路商业又有所发展，1947年有商号358户，已成为仅次于南京路和淮海中路（当时名为林森中路）的商业街。国民政府也继续使用金陵路的名称，只不过为区分西藏南路以西的路段，而将其改为金陵东路。新上海的特色商业街中华人民共和国成立之后，上海城市的功能由消费型转变为生产型，金陵路两侧洋行先后关闭，华商行号开始萎缩。1953年国家为了保证社会主义经济建设，控制批发业务，并以国营批发商业代替。市针织、纺织、搪瓷批发部及其仓库先后建立。金陵路永胜路一带为绒线批发商聚集地。1956年公私合营后，金陵路一条街的商号进行网点合并、调整，淘汰一批香烛等不合时代所需的商店。1958年金陵路商业街商店仅留下63户，分属14个行业，其中粮油业4户、纺织业3户、服装业2户、鞋帽业1户、百货业11户、文化用品业4户、钟表业4户、五金业5户、药材业3户、医药业1户、饮食业4户、服务性行业9户、糖糕业7户、果品业5户。至1978年、商业网点种类发生了较大变化、行业门类日趋多样化。如自行车专业店、无线电商店、中型饭店、西餐馆、玩具、绣品、床上用品、呢绒等专业店和各种风味的饭店、点心店等。1954年，金陵东路恒泰塑胶文教用品社合伙契约1959年的鹤鸣鞋帽商店内景。该老字号创设于1936年改革开放后的20世纪80年代初，市、区两级政府致力于重现金陵东路的活力。在各方的支持下，相关职能部门采取了诸多卓有成效的举措。对国营批发公司、居民住宅和不相关行业进行调整，改造和美化购物环境，设置了一些新兴商业网点，吸引南京路上许多名牌商店纷纷落户金陵东路开设分店。1982年，先后有朋街女子服装店、培罗蒙西服店、老介福呢绒绸缎店、冠生园食品店、王开照相馆、冠龙照相材料店、中华皮鞋店、三阳食品店、翠文斋食品店、锦艺装潢店、雷允上药店、东海皮件店、上海美术用品商店、大丰土特产店、万升油酱店、北万有全腌腊店、丽华公司、万里乐器店、曹素功墨苑等24家特色商店到金陵路开设分店，使顾客到金陵东路就可购买到特色商品。20世纪80年代后期的金陵东路中山东二路口。可见东方饭店及金陵中学校舍（原法国领事馆）。20世纪90年代之前，很多人都有在这里彻夜排队买船票的难忘经历图片摄影 | 陆杰20世纪80年代，金陵东路街景及公交车辆图片摄影 | 陆杰20世纪80年代，金陵东路上热闹的夜市图片摄影 | 陆杰20世纪80年代，在金陵东路永寿路口茶水摊小憩的游客20世纪80年代，金陵东路西藏南路口东望。图中可见鹤鸣鞋帽商店图片摄影 | 陆杰金陵东路上的美好时光。摄于20世纪80年代图片来源 | USC Digital Library当时金陵东路有30%的商店具有专业特色，如鹤鸣鞋帽、上海理发用具、黄浦广告装潢材料、明华灯具、上海眼镜贸易中心的无影眼镜、长城公司电讯商品、咖喱鸡饭店等，源诚的潮式糕点、施尔美的妇女儿童用品、金鹤中老年用品、白天鹅男士用品、老紫阳观酱菜、华东不锈钢厨房用品、大中华家电、永顺祥礼品、上海珠宝玉器、工艺美术公司旅游用品、华艺戏剧服装、连长记的体育器材、百汇商场的搪瓷器皿等。至1986年底，开发金陵东路商业街，全线贯通商业网点工作基本完成。金陵路商业网点发展到193户，日均人流量达70万～80万人次。同时对骑楼214根柱子刷上油漆，配上广告宣传、独具风格。1987年，人行道上新设自动投币电话亭，安置石桌、靠背椅供游人和顾客小憩。1990年，金陵路商业网点发展到222户。1991年商业网点共225户，建筑面积69635平方米，营业面积24717平方米。整个20世纪80年代至90年代初，金陵东路经历了又一次辉煌时期。当年的上海市民购买笔墨纸砚、文体用品、绒线鞋帽、琴鼓乐器，甚至是求医问药，多数都会来金陵东路。曹素功、连长记、恒源祥、鹤鸣鞋帽、雷允上、群力草药店都是不二之选。说起这些老字号，有一条与金陵东路交汇的小马路不得不提，这就是永胜路。它修筑于1868年前后，原名兴圣街、永兴路。1951年改为永胜路。我们耳熟能详的雷允上、周虎臣、恒源祥等都在这条马路上留下过足迹。由于市政改造，这条马路现已消失。民国二年（1913年）商务印书馆实测上海城厢租界地图中标注的兴圣街1892年8月12日《申报》一则广告中有关于“雷允上”店面位置非常详细的记述。“上洋新北门外兴圣街南首第四家”。这里的“上洋”是上海的别称，清末和民国早期很常见1911年2月13日《申报》刊登的周虎臣笔店广告中，地址为“兴圣街中” 1938年11月17日《申报》刊登的恒源祥广告中，总店地址为“法大马路兴圣街西首”1947年《老上海百业指南》行号图中还可在永兴路找到周虎臣、雷允上和恒源祥的店铺位置资料来源 | 上海社科院出版社2008年修订版20世纪10年代的兴圣街北望。可见两侧密布各类绒线商铺，因此这条小马路也被冠以“绒线街”的俗称图片来源 | Archives of the French Ministry of Foreign Affairs2015年前后的永胜路北望图片摄影 | 席闻雷基本已完成动迁的永胜路北望图片摄影 | 席闻雷动迁后的永胜路旁依稀还可寻到当年“绒线街”的遗迹图片摄影 | 席闻雷1994年，对西藏路至浙江路地段进行改造，建成美丽华商厦、金豹商厦、大中华商厦、豪都广场、恒源祥大楼和冠生园商厦，建筑面积38155平方米，其后又相继建成金陵大楼和新黄浦商厦。改造后金陵东路仍保留骑楼建筑风格，并努力以打造“第二条南京路”的特色示人。1998年5月，金陵东路重新定位成“硬件先进、要素齐备、政策优惠、招商灵活、产业多样和多种经济成分并存的市中心的装饰装潢大市场”。首期西藏南路至浙江南路段14户建筑面积共3.5万平方米的商业网点进行招商，千思装饰、新丽墙纸、太平洋洁具等各种经济成份的302个品牌专业企业入驻。1989年，金陵东路近永安路口东望图片来源 | Commercial Atlas of Shanghai20世纪90年代，金陵东路上新设立的公用电话亭1993年的金陵东路中山东二路口。原法国领事馆建筑已经拆除，光明大厦已建成。轮渡站也已改建图片摄影 | 陆杰1999年二期工程向东推进至河南中路，又引进28户客商，扩大经营面积2093平方米。20世纪90年代中后期，上海掀起的“钢琴热”，金陵东路也是策源地之一。当时，钢琴等乐器作为高档装饰件进入装潢领域，短短2公里的街市有琴行与乐器店40余家，知音、通利万里、海曼、海音等是其中的代表。坦率地讲，回顾2000年前后金陵东路的再次改造转型，努力中透露着些许无奈。周边的外滩、豫园、淮海中路、福州路以及较远一些的南京东路商圈的蓬勃发展都对其构成挤压之势，客流被明显稀释。再加上旧区改造和延安东路隧道和高架的建设，使得金陵东路周边的人气流失，过多数量的新建大商厦又进一步分散了本就减少的人流量，导致经营业绩疲软不振。此后相关部门也尝试通过重新规划和改造，但收效不明显。金陵东路的结构调整和街区更新一直没有找到一个明确的出路。据相关统计2012 年 7 月，金陵东路共有 231 个商业网点（未计算支马路）。其中，零售网点 172 个，占比 74%，以专业专卖店为主；餐饮网点 24个，占比 10%，以中式正餐、快餐及茶室、饮料和冷饮为主；休闲娱乐业仅有2 个网吧，占比 1%；各类服务业共 27 个网点，占比 12%，以金融机构、住宿服务及旅行社为主；其他空置、装修中的网点 6 个。2015年的金陵东路街景。167号曾经是老字号“曹素功墨苑”的店面图片摄影 | 楼定和2015年，金陵东路云南南路口图片摄影 | 楼定和2015年，金陵东路近江西南路街景图片摄影 | 楼定和2015年，金陵东路盛泽路的老旧石库门街区图片摄影 | 楼定和2015年，晨曦中略显冷清的金陵东路图片摄影 | 沈思睿结语传统街区的保护与活化利用，要充分考虑文化内涵，促进文化导向的城市街区再生。对于金陵东路这样的特点明显的历史街区，应该充分考虑经济密度与文化内涵的平衡问题。上海一些城市更新的成功案例大多得益于此。历史文化街区的风貌保护关键是活化历史，要在现实利用中保护，如何实现功能、业态在传承、开放、创新中交融发展，这是颇具挑战性的。金陵东路沿线部分旧式里弄一览里弄名称地址式样建造年份祥兴里金陵东路91、119弄砖木二层1911年永安里永安路4、6弄砖木二层1911年祥安里金陵东路15弄砖木三层1912年永安坊新永安路12弄砖木三层1912年晋安里金陵东路135弄砖木三层1912年中华里金陵东路246弄砖木三层1916年裕庆坊山东南路79弄砖木二层1916年惟祥里金陵东路196弄砖木二层1919年惟祥里金陵东路196弄砖木二层1919年兴昌里金陵东路364弄砖木二层1920年同德里紫金路中段13、33弄混合三层1921年宝兴里金陵东路300弄砖木二层1923年明德里山东南路106弄砖木二层1923年华业里江西南路110弄混合三层不详吉祥坊金门路4、8弄砖木三层1928年卜邻里金陵东路389弄砖木三层1930年承志里盛泽路80弄砖、混三层1930年吉安里福建南路84弄混合三层1931年精益里福建南路129弄砖木三层1931年笃行里金陵东路423弄砖木三层1932年新康里盛泽路130弄砖木二层1939年金陵东路部分历史保护建筑一览建筑名称地址建造年份建筑性质若瑟堂/若瑟堂四川南路36号1860年近现代重要史迹及 代表性建筑利名（雷米）洋行旧址/住宅金陵东路6—8号1912年近现代重要史迹及 代表性建筑紫金公寓金陵东路25—41号1929年近现代重要史迹及 代表性建筑法租界总巡捕房旧址/上海市公安局黄浦分局金陵东路174号1934年近现代重要史迹及 代表性建筑中汇大厦河南南路16号1934年上海市优秀近代保护建筑约克大楼/金陵大楼四川南路29号1937年近现代重要史迹及 代表性建筑1983年，从中汇大厦东望金陵东路。可见骑楼、石库门等。洋泾浜若瑟堂尖顶清晰可辨。远处的东方饭店在建图片来源 | FLICKR“时光的阶梯”——金陵东路四川南路东北角金陵大楼内景图片摄影 | 席闻雷历史街区保护与更新需要利益各方的深度共识，这也是保护文化多样性与业态多样性的基础条件。按照相关规划，金陵东路沿线10个街坊将以“整体规划、分步实施、大区域平衡、带方案出让”的总体思路，统筹考虑历史风貌保护、城市功能提升和居住条件改善，努力打造成为代表上海城市形象的新地标——“海派金陵路、活力新走廊”。未来，金陵东路沿线将成为延安东路发展轴和黄浦江发展轴交汇的核心功能节点，成为彰显骑楼风貌和海派里弄建筑风貌的特色空间，成为外滩、人民广场、老城厢等区域辐射叠加效应的集中呈现区。上海在为美好的愿景奋力打拼的同时也不会轻易丢弃时光的馈赠，在这座伟大城市数百年的发展过程中，能带给我们思考的、能打动我们内心的，除了空间，还有时间。百年骑楼的新生，值得期待。参考内容《上海租界志》《上海外事志》《上海名街志》《上海地名志》《上海市政工程志》《黄浦区志》等牟振宇：《从苇荻渔歌到东方巴黎》居伊·布罗索莱：《上海的法国人（1849—1949）》周宵：“金陵东路商业街整体规划和商业结构调整研究”朱亮：“金陵东路骑楼街初探”《申报》资源：爱如生申报资料库部分图片源自网络“申知沪志”小组 诚意奉献如需转载 烦请标明出处原标题：《金陵东路简史 | 160年的城区演变》阅读原文	2020-05-12 15:24	澎湃新闻·澎湃号·湃客	pp	20200512154532
2020051215453211	江南农商行副行长吴开或接任张家港农商行行长	江苏省联社近期在全省农商银行系统中进行了较为密集的高管调整。继紫金农村商业银行（紫金银行，601860.SH）行长汤宇拟任江苏省农村信用联合社副主任后，张家港农村商业银行（002839.SZ，张家港行）行长杨满平因工作调动辞任行长一职，接任杨满平的可能是江南农商行副行长吴开。5月11日，张家港行发布《关于董事、行长辞去职务的公告》，公告显示，张家港行董事会收到公司董事、行长杨满平先生的书面辞任报告。因工作调动，杨满平先生申请辞去公司董事、行长、董事会下设的风险管理委员会委员、战略发展委员会委员、三农委员会委员及消费者权益保护委员会委员职务。张家港行高级管理人员信息显示，杨满平出生于1969年5月，中共党员，硕士研究生学历，高级经济师。历任宜兴市洋溪信用社、十里牌信用社、宜兴市农村信用合作联社财务会计科办事员，宜兴市农村信用合作联社信贷科副科长，副科长（正科级）兼国际业务部总经理，宜兴市农村信用合作联社副主任，宜兴农村合作银行副行长，宜兴农村商业银行副行长，无锡农村商业银行副行长，昆山农村商业银行行长。杨满平从2017年5月26日起出任张家港行董事及行长。据一位接近江南农村商业银行（下称江南农商行）人士透露，江南农商行副行长吴开或是张家港行新任行长人选。吴开从2017开始担任江南农商行副行长，并在去年9月获选为该行执行董事。根据张家港行2019年年报，2019 年，张家港行实现营业收入38.53亿元，归属于上市公司股东的净利润为9.54亿元，同比增幅分别达28.48%和14.25%；不良贷款率为1.38%, 同比下降0.09个百分点；拨备覆盖率252.14%，同比提高28.29个百分点。资本充足率方面，截至2019年末，张家港行的资本充足率为15.10%，一级资本充足率为11.02%，核心一级资本充足率为11.02%。张家港行于2001年11月27日正式挂牌，是全国首家由农信社改制组建的地方性股份制商业银行。2007年初，张家港行加快推进体制创新，谋求上市和跨区域双发展。2017年1月24日正式挂牌上市，成为全国首批上市农商行。截至2019年末，该行共有103家机构网点，已开设南通、无锡、苏州3家分行和16家异地支行，发起设立2家控股村镇银行，投资参股5家农商行。(本文来自澎湃新闻，更多原创资讯请下载“澎湃新闻”APP)	2020-05-12 15:23	澎湃新闻	pp	20200512154532
2020051215453212	上海援武汉医疗队中90后护士占44%	5月12日，上海举行新闻发布会。在上海援鄂医疗队员中，护士有1041名，“90后”已占44%，成为援鄂护理队伍的主力。	2020-05-12 15:22	澎湃新闻	pp	20200512154532
2020051215453213	受疫情影响，日本景气先行指数跌至83.8创最大跌幅	央视新闻5月12日消息，根据日本内阁府发表的3月“景气动向指数”等各项指标，预计未来一段时间受新冠肺炎疫情影响，经济形势前景不容乐观。其中，受新冠肺炎疫情影响，景气先行指数为83.8，比上一个月降低了8.1，这是1985年可以进行统计比较以来，下跌的最大幅度。（原题为《日本景气先行指数跌至83.8 创最大跌幅》）(本文来自澎湃新闻，更多原创资讯请下载“澎湃新闻”APP)	2020-05-12 15:21	何欣蕾/央视新闻	pp	20200512154532
2020051215453214	缩量调整：创指深V走势收涨1.01%，B股指数大跌逾5%	5月12日A股市场缩量震荡，B股大幅杀跌，北向资金净流入不改。受前一个交易日冲高回落的影响，5月12日沪深两市开盘涨跌互现，开盘后短暂反弹后再度出现跳水。午后随着科技股的回暖，半导体板块的全线走强带动股指震荡回升，创业板指率先翻红收涨逾1%。至收盘时，两市涨跌互现。值得注意的是，B股出现大幅杀跌，B股指数一度跌逾7%，最终收跌5.1%，近十只个股跌停。至5月12日收盘，上证综指跌0.11%，报2891.56点；深证成指涨0.42%，报11015.56点；创业板指涨1.01%，报2124.15点。5月12日，沪深两市成交总额5993亿元，较前一交易日的6847亿元减少854亿元。其中，沪市成交2385亿元，比上一交易日2719亿元减少334亿元，深市成交3609亿元。沪深两市共有58只股票涨幅在9%以上，10只股票跌幅在9%以上。北向资金5月12日合计净流入17.5亿元。其中，沪股通净流入5.62亿元，深股通净流入11.88亿元。科创板46涨1平55跌。涨幅最大的三友医疗（688085）涨停，收涨20%；跌幅最大的光云科技（688365）收跌8.76%。医药生物板块走强在板块方面，家用电器板块走强，小熊电器（002959）涨逾7%，海信视像（600060）、深康佳A（000016）等涨逾3%。生物医药板块走强，未名医药（002581）、迈克生物（300463）、九强生物（300406）、万泰生物（603392）、正川股份（603976）等近十只个股涨停。光刻胶板块低迷，容大感光（300576）一度跌停，南大光电（300346）、江化微（603078）、上海新阳（300236）等跌逾2%。房地产板块表现不佳，中迪投资（000609）跌逾9%，亚太实业（000691）、电子城（600658）等跌逾7%。短期回调是逢低布局的较好时机国泰君安认为，市场弱势震荡，短期出现技术面调整走势。不过，短期回调是逢低布局的较好时机。因此，可以沿着业绩较好的角度，逢低布局景气度明显回升的新基建领域的相关概念。天风证券研报称，目前对市场谨慎偏乐观，认为逻辑明确的内需已经经历过一波上涨，目前部分可选消费还可以关注一下。此外，对涉及海外业务的标的目前仍持谨慎，等待右侧到来。另外近期市场风格切换较快，目前参与科技类性价比不高，建议关注估值较为便宜，基本面处在修复阶段的汽车板块。国盛证券认为，今年与往年或有较大差异，从时间节点上，当前市场已经处于业绩披露期，市场主要担忧已经聚焦于疫情对分子端的冲击。市场风格上，投资者也持续给予大消费等内需板块确定性溢价，绩优板块相对占优。(本文来自澎湃新闻，更多原创资讯请下载“澎湃新闻”APP)	2020-05-12 15:20	澎湃新闻	pp	20200512154532
2020051215453215	印度返乡者带婴儿乘卡车，贷280元付车费	5月12日，印度媒体报道称，一些务工者带着家人搭乘卡车返回家乡，其中还有刚出生不久的婴儿和年幼的儿童。据称，搭乘卡车的费用并不便宜，有人不得不贷款才能支付。	2020-05-12 15:18	澎湃新闻	pp	20200512154532
2020051215453216	全球战疫·观察丨政党、医护、民众、难民：黎巴嫩疫情群像	5月5日，黎巴嫩政府宣布再延长全国总动员状态两周，这背后不仅仅是对于疫情防控的考量，或许也是阻止民众上街游行的缓兵之计。4月28日，政府刚刚放宽疫情防控措施，西顿市和的黎波里市就暴发了激烈的抗议活动，不同于去年街头蹦迪、举国party式的游行，这次，愤怒的民众将汽油弹、手榴弹投向银行，滚滚浓烟让本已满目疮痍的街道愈发凄凉。这次抗议的起因是黎巴嫩货币的大幅贬值，3月份1美元还可以兑换1500黎巴嫩镑，但4月底黑市的汇率已经贬至1美元兑4200黎巴嫩镑。货币大幅贬值意味着生活必需品价格飞涨，这使疫情中已经大量失业、生计艰难的黎巴嫩民众雪上加霜。黎巴嫩的抗疫之战打得艰辛，疫情给这个原本就艰难前行的国家压上了一根新的稻草。被游行民众攻击过的银行疫情防控已进入中后期5月11日，黎巴嫩累计确诊859例，死亡26例，治愈234例，死亡率约3%，治愈率约27.2%。从2月21日出现第一例有伊朗旅行史的确诊病例以来，黎巴嫩疫情基本呈倒V趋势变化，4月21日首次出现确诊病例零新增，4月16日至5月6日新增病例数量均在10例以下，但5月7日至10日新增病例有所反弹，7日和10日新增病例分别达到34和36例。4月下旬，政府决定缩短宵禁时间，分别从4月27日、5月4日、11日、25日、6月8日开始分五个阶段逐步恢复经济活动，目前已顺利进入经济恢复第二阶段。整体来看，黎巴嫩疫情防控已进入中后期。 黎巴嫩疫情数据黎巴嫩疫情防控能取得当前成果，在种种先天不足之下，各方付出了巨大努力。从一开始的各党派意见不一、大量民众通过叙利亚过境点自行回国、部分医院不愿意接收病例、难民营防控难等问题到之后各方一致抗疫、有计划有准备安排撤侨、医护人员权利得到保障、难民营疫情未扩散，政府及有关各方做了大量努力。政党：从抨击政府到各自发力作为中东地区协和民主体制的代表，黎巴嫩政治具有多元化特征，以宗教教派为基础的政党势力间既有联合又有竞争。多个党派在政治舞台上角力，也在疫情防控中各显身手。在疫情爆发前期，各党派对政府措施的意见不一，质疑政府不作为。3月11日至13日，黎巴嫩力量党主席萨米尔·贾加、社会进步党主席琼布拉特、民主党主席塔拉勒·阿尔斯兰接连批评政府抗疫举措。真主党志愿者为贝鲁特街道消毒中后期，各政党及其支持者也开始积极参与到抗疫中。社会进步党、真主党、阿迈勒运动、黎巴嫩力量党、自由爱国运动等都在其势力范围内制定了防控计划，配合政府筹建医疗队、开展消杀作业、向有需要的民众提供支持。社会进步党在琼布拉特主席带领下组织人员在商场、监狱、清真寺等人口密集场所喷洒酒精消毒，并将向民众印发防疫科普传单。据真主党党内医院档案官消息，真主党内有2.5万名医护人员及志愿者随时准备抗疫。黎巴嫩力量党筹建隔离旅馆，提出向老年人提供援助，帮助学生完成学业等倡议。自由爱国运动在不同地区准备了30个隔离场所，并建立电子平台支持学生远程学习。各政党从抨击政府举措到身体力行，其中有借此机会提升自身影响力、重回政治舞台的考量，但这些活动也都是通过与国家机构协作提供给民众的，确实为疫情防控贡献了一定力量。医护人员：从抗议到抗疫医护人员作为抗疫一线的主要力量，是黎巴嫩抗疫舞台上的中坚力量。黎巴嫩医疗条件并不乐观，医护人员在此次抗疫中面临巨大压力。根据卫生部2015年相关数据，总人口约610万的黎巴嫩拥有公立医院25所，私立161所，全国共有药店850家，每万人床位数是29张，低于世界平均水平。2017年，时任黎巴嫩副总理兼公共卫生部长的格桑·哈斯巴尼表示，黎境内约有150万人得不到足够的医疗保障。政治、经济和社会环境的危机已让原本捉襟见肘的黎巴嫩医疗体系岌岌可危，疫情又对其造成沉重打击。疫情初期，拉菲克·哈里里医院超负荷运转、医护人员对薪资待遇不满、防护物资不足等问题集中爆发，医疗体系面临新的冲击。早期，黎巴嫩仅靠拉菲克·哈里里医院接收确诊病例。3月4日，拉菲克·哈里里医院医护人员聚集在医院门口抗议维权，要求卫生部提供防护用品、消毒清洁工具和医疗器材等，并要求增加医护人员的发展空间，提高工资待遇。医院工会、护士工会、医生工会也多次发声要求政府保障自身权利和收入，向医院提供资金援助，尽快解决私立医院经济困难问题。拉菲克·哈里里医院门前抗议示威的医院工作人员对此，黎巴嫩政府也做出了响应。专项医疗设施保障方面，3月6日，卫生部开始呼吁其它医院承担救治责任，分担拉菲克·哈里里医院的压力。4月9日，公共卫生部长哈马德·哈桑与部分医院负责人召开会议，对违反规定、不为患者提供必要治疗的医院予以处罚。目前，根据卫生部与新闻部联合数据平台的信息，已有22家定点医院可以接收确诊病例。医护人员权益保障方面，4月15日，财政部长加兹·瓦兹尼会见医院工会主席，表示将每月为有需要的医院提供资金援助，以便发放医护人员工资和偿还供应商欠款；黎议会为医院增加4500亿黎巴嫩镑（约人民币21亿元）的额外拨款，帮助各大医院摆脱财务危机，保障护士权利和工资正常发放。医疗物资保障方面，政府为防护物资生产单位大开方便之门，工业部特许符合条件的工厂不受宵禁政策影响。非政府单位也积极捐赠设备物资支持医院。国际社会也提供了大量医疗物资援助，3月6日世卫组织驻黎巴嫩代表伊曼表示世卫组织将向黎巴嫩运送医疗用品。中国也数次向黎提供测温仪、检测试剂等物资，与黎专家召开视频会议，分享治疗防控经验。海外公民：从无序归国到有计划撤侨黎巴嫩初期大部分确诊病例都有伊朗旅行史，在黎境内疫情已得到一定控制后，目前的病例以境外输入为主。5月7日，本地新增病例只有1例，而自尼日利亚、卡塔尔、阿联酋、沙特等国返回的公民中出现33例确诊。海外归国人员防控问题是当前黎巴嫩疫情的重中之重。疫情早期防控尚不到位，大量民众自行过境回国，对疫情防控造成较大压力。在2月底公共工程与交通运输部宣布暂停疫情严重国家进入黎巴嫩的海陆空交通前后，大批黎巴嫩学生和游客从伊朗抵达叙利亚后经过境点进入黎巴嫩，为黎边境管理和疫情监测带来巨大压力。3月4日，为防止疫情蔓延，黎巴嫩政府决定限制拉菲克·哈里里机场、黎叙陆上过境点交通，对所有过境点进行消毒，加强过境点来往人员的体温检测，要求过境人员必须登记并接受后续追踪观察。卫生部呼吁所有入境人员严格遵守隔离规定，如有异常需立即拨打热线电话说明情况。归国人员在机场此后多方协作建立专项工作委员会，制定完善的撤侨计划，筹建定点隔离处，及时评估反馈撤侨情况，对归国人员的疫情防控起到重要作用。3月24日，最高国防委员会向内阁提议建立关注海外公民状况的部长级委员会。4月3日，总统米歇尔·奥恩在内阁会议上指出，面对持续增加的归国人数，各部门应采取更加严密的措施，加强疫情防控和安全保障。4月5日，撤侨第一阶段开始，来自沙特、阿联酋、尼日利亚和科特迪瓦的航班抵达拉菲克·哈里里国际机场，后续每2-3天安排新的撤侨航班。同时，为做好归国人员的防控工作，卫生部专门派遣三支医护人员队伍负责归国人员的疫情防控工作。第一批归国人员中出现较多确诊病例时，4月11日，总理哈桑·迪亚卜要求内阁对撤侨第一阶段情况进行总结和评估，酌情暂停撤侨航班一到两周。4月14日，外交部长纳西夫·希提表示，考虑到飞机数量、国内接收保障能力和医疗专家意见，推迟第二阶段撤侨，并向滞留在外的黎巴嫩留学生发放总计100万美元的补助金。目前，第二阶段撤侨行动已重启，“闭环”输送保障防控。4月下旬起，滞留塞浦路斯、沙特、法国、尼日利亚、刚果、埃及、哈萨克斯坦、科特迪瓦等国的公民陆续回国。所有归国人员均被“闭环”输送到定点酒店进行隔离并检测，有效实现了归国人员的疫情防控。中下层民众：生活处境愈发艰难多年的战后重建让黎巴嫩政府背负大量债务，财政连年赤字。2018年其公共债务余额852亿美元，约是GDP的1.5倍，财政赤字65亿美元。根据世界银行数据，2019年黎巴嫩有三分之一人口生活在贫困线之下，青年失业率达到37%，整体失业率达到25%，中下层民众的生活分外困难。1990年代以来，黎巴嫩一直以旅游业和服务业为主，服务业占GDP的70%左右，尤其是银行服务业，而政府对于农业和工业重视不足。旅游业和服务业的发展与安全息息相关，疫情这一非传统安全因素让黎巴嫩经济再次受到重创。一方面，以此为业的众多中下层民众收入堪忧；另一方面，新自由主义市场经济下依赖进口、自身生产体系不健全的特点导致举国封锁之下其国内供应出现问题。国际货币基金组织预测2020年黎巴嫩经济萎缩将达到12%，仅次于委内瑞拉和乍得，这与其经济结构也有一定关系。的黎波里市街头的游行抗议者疫情暴发以来，政府也在民生保障层面做过一定努力，免费发放口罩，提供物资援助，推迟缴纳电信费用，加强物价监管，发放消费券；也计划通过贷款等方式为企业提供资金援助以降低下岗率，建立社会援助基金会帮助失业或受疫情影响的工人，并且打算更新劳动法案以完善危机处理机制；甚至鼓励民众临时自行种菜，自行饲养家禽，实现自给自足。但是相对于长期以来民众因经济结构失衡、社会保障缺位、社会贫富差距大而产生的不满，疫情中的各项保障不过是杯水车薪，难以从根本解决上问题，中下层民众们一次次不顾疫情走上街头游行抗议，背后映射的是其生活处境的愈发艰难。难民：病毒是难以承受的时代之灰半个多世纪以来，沙姆地区（编注：一般包括叙利亚、约旦、黎巴嫩和巴勒斯坦难）的持续动荡不安使难民成为地区国家难以避开的问题。黎巴嫩的难民主要来自巴勒斯坦和叙利亚，根据近东救济工程处及黎巴嫩当局注册备案的数据，截至2013年在黎巴勒斯坦难民约44万人；据联合国难民署报告，截至2016年底在黎叙利亚难民已超过100万。难民营人口密集、卫生条件难以保障，成为疫情“雷区”，一旦踩爆，后果难以设想。黎巴嫩政府积极与多方合作，采取措施对难民营进行防控。4月7日，总理哈桑·迪亚卜会见联合国难民事务高级专员办事处驻黎代表，讨论黎境内难民问题和办事处的防疫援助。同日，最高国防委员会秘书长阿斯玛尔主持召开新冠疫情防控专门委员会会议，讨论难民营防疫问题。4月23日，公共卫生部长哈马德·哈桑接见联合国驻黎特别协调员、近东救济工程处驻黎办事处主任、世卫组织驻黎代表和联合国难民事务高级专员代表，就如何协调国际组织与卫生部之间的合作展开讨论，共同制定高效、透明的防控策略。4月24日，公共卫生部长哈马德·哈桑在巴勒斯坦驻黎大使阿什拉夫·达布尔的陪同下，视察出现5例确诊病例的巴勒贝克市巴勒斯坦难民营，呼吁难民提高危机意识，自觉佩戴口罩。5月5日，阿卡省省长呼吁市政当局和工会在各叙利亚难民营采取相应防护措施，联合安全部队做好疫情监控。黎巴嫩南部城市叙利亚难民以未完工的建筑物为庇护所但是对于难民群体来说，疫情带来的影响已为其生活蒙上阴影。难民大多是自由职业者或者临时工，原本黎巴嫩脆弱的经济已经使他们求生艰难，而疫情下的停工限行，让难民失去了本就微薄的收入，很多家庭只能靠难民署接济生活。联合国难民署工作人员在接受《移民消息》采访时表示，疫情期间有部分叙利亚难民因难以满足家庭生活需求和受到区别对待而自杀。或许对于难民来说，新冠病毒这粒时代之灰，是更难以扛起的大山。虽然目前黎巴嫩疫情已基本可控，但是归国人员防控、中下层民众保障及难民营防控仍是影响疫情发展的重要因素。同时，疫情向经济、社会生活投下的巨大阴影短时间内还无法褪去，要在疫情结束后恢复正常生产生活，政府后续还要做更多工作，道阻且长。（作者单位：上海外国语大学|中阿改革发展研究中心）(本文来自澎湃新闻，更多原创资讯请下载“澎湃新闻”APP)	2020-05-12 15:18	澎湃新闻	pp	20200512154532
2020051215453217	上海市历史博物馆疫情期间线上成果发布	原创 李家丽 雅昌艺术网疫情的乌云逐渐褪去，闭馆将近两个月的公立文博机构纷纷开馆。为更好的服务公众，闭馆中的各大文博机构纷纷推出在线展、在线课程。那么，这些活动的成果如何？疫情之后，在线展的浪潮是否会回落？公立文博机构的展览又有何变化？上海市历史博物馆在线全景首页识别二维码在线观看上海市历史博物馆这次，我们联系到了上海市历史博物馆，看看他们闭馆期间的成果与思考。当上海市历史博物馆在4月底接受访问时，馆方就透露馆内已全员复工。作为一家专注收藏、展示、研究上海市历史的公立博物馆，上历博展厅面积9800平方米，包含“古代上海”、“近代上海”两个基本陈列，共陈列展示文物约1100余件/套，较全面地反映了上海的政治、经济、文化与社会的历史变化。其中，“古代上海”以马家浜文化、崧泽文化、良渚文化等丰富遗存见证上海的悠远历史；航运贸易的发展、盐业与纺织业的兴盛讲述上海市镇的繁荣；“近代上海”则反映了在1843年至1949年间，近代上海作为全国经济和文化的中心，及世界重要都会的发展历程。这一历程也是近代中国发展的缩影。上海市历史博物馆“家游历博”栏目之“白色金子·东西瓷都——从景德镇到梅森瓷器大展”其藏品主要来自上级部门调拨（上海市文物管理委员会）、系统内其他单位移交，另有市场征集、参与拍卖、接受捐赠所得。重要藏品有：上海古文化遗址出土石器、陶瓷器、玉器、金银器，徐光启墨迹，珍本上海地方志，上海碑刻拓本，陈化成督造振远将军铜炮，太平天国大花钱，汇丰银行铜狮子，1893年清政府和英美租界会同树立的界碑，1895年道白生公司制造清花机，吴昌硕墨迹，孙中山当选临时大总统选票，纽约版孙中山像2元中心倒印四方连邮票，民国百子大礼轿等。苏州桃花坞年画《母儿满床欢》 上海市历史博物馆藏上海旧校场年画《孙行者大闹蟠桃会》 上海市历史博物馆藏难得的是，上历博在立足上海本土历史的同时，始终坚持与时俱进，关注上海当下的时代变化。在新冠肺炎疫情爆发后，上历博积极征集疫情见证物，希望以公立博物馆的担当记录当下，记录历史。向公众展示上海历史是上历博的使命，为未来留下上海的今日风姿是上历博的责任。“协大祥”店员规则（协大祥为老上海一家绸布店）“协大祥”包装纸以下为雅昌艺术网＆艺术头条对上海市历史博物馆的独家采访。Q：雅昌艺术网＆艺术头条A：上海市历史博物馆Q：上海市历史博物馆在疫情期间通过哪些方式向观众呈现博物馆的艺术展览与活动？A：疫情期间，上海市历史博物馆主要通过线上展览与现场展览相结合的方式，向观众呈现博物馆的展览与活动。线上展览是将重要的临展内容与数字技术相结合，制作可通过网络观展的3D版展览，上历博在以往就有配合临展推出线上展览。除了3D版展览外，馆内推出“家游历博”栏目，还整合馆藏文物，走访文物故事的发生地点，为观众呈现更丰富的博物馆云游体验。云导览分为云间溢彩、海上闻声、光荣之城、浦江新篇四个部分，讲述上海这座城市六千平方公里行政区划内，六千年的历史中值得记录的故事。Q：这些在线展的效果如何？A：目前可通过上历博官微看到线上展览5场，点击量为3919次，其中基本陈列“上历博上革博全景”点击量最高，为1598次。Q：疫情期间各大博物馆纷纷推出直播，上历博并未采取这一方式，原因为何？A：未采用直播的推广方式主要是从群众基础的角度考虑的。上历博基本陈列自新馆开放起已接待了大量观众参观，在大众中间已有了一定的知名度，故未考虑直播。Q：目前，2020年的展览计划有哪些调整？调整后的展览数量为何？A：由于疫情等原因影响，2020年春节档期的“承古萌新 瑞霭迎祥——重庆中国三峡博物馆、上海市历史博物馆藏年画展”闭展日期由2020年3月1日延期至3月29日；一场市区联合展已取消；原计划今年还将有一场境外引进展，也有可能受疫情影响而延期或改变展览策划。调整后的展览数量目前并不能最终确定。Q：除了呈现线上内容之外，博物馆的展览策划、出版、学术等工作如何开展？A：除了呈现线上内容之外，策划、出版、学术工作均照常开展，为明年的工作做好准备。Q：上海市历史博物馆如何看待疫情对文博行业的影响？A：疫情影响着博物馆在展览筹备过程中的文物往来、人员交流，同时教育活动、讲座等聚集性活动也因此取消，参观人次也明显减少。Q：通过近几个月的尝试，上海市历史博物馆如何看待文博界的“云展览”、线上讲座等线上艺术呈现的形式？A：数字化博物馆建设是近年来的一个大趋势，是博物馆为公众提供知识、教育和欣赏功能的新方式。“云博物馆”能够方便市民足不出户欣赏到博物馆的展览，还有可能回看曾经错过的热门展览，在疫情的环境下也是一种更为安全的观展方式。但线上展览无法替代线下观展时与文物面对面的直观性，艺术品在现场给人的感染力线上展览很难替代。Q：博物馆重新开馆之后，将会面临哪些挑战？A：重新开馆之后，保障现场观众在疫情下安全有序观展，以及做好场馆的清洁消毒工作，这方面需要投入比以往更大的人力物力。另一方面，展览策划中涉及到的一些问题，比如境外引进展的推进，也受到了影响，要重新计划接下来的展览安排。原标题：《上海市历史博物馆疫情期间线上成果发布》阅读原文	2020-05-12 15:15	澎湃新闻·澎湃号·湃客	pp	20200512154532
2020051215453218	国家卫健委已向吉林舒兰派出工作组	5月12日，国务院联防联控机制召开新闻发布会，请参加过援鄂抗疫和长期从事传染病护理的工作者代表回答媒体提问。国家卫健委新闻发言人、宣传司副司长米锋介绍，5月11日，境外输入确诊累计治愈出院1611例，境外输入治愈率超95%。近日再次出现本土散发病例和聚集性疫情。目前，国家卫健委已向吉林舒兰派出工作组。(本文来自澎湃新闻，更多原创资讯请下载“澎湃新闻”APP)	2020-05-12 15:14	人民日报	pp	20200512154532
2020051215453219	男子翻越小区围栏被刺穿肚皮，不治身亡	5月8日，内蒙古赤峰。一男子翻越小区围栏时不慎被护栏刺破肚皮无法活动。消防人员将其救下后，几名路人对其进行心肺复苏。该男子经120送医救治，因伤势过重不幸身亡。	2020-05-12 15:14	澎湃新闻	pp	20200512154532
2020051215453220	遭绑架18个月，25岁意大利女子获释回国	5月10日，25岁意大利女子西尔维娅·罗曼诺在救援人员的帮助下回国与家人团聚。总理孔特到场迎接。2018年11月罗曼诺在肯尼亚被绑架，随后被带往索马里。	2020-05-12 15:14	澎湃新闻	pp	20200512154532
